{
    "K": [1958.53782296511, 0.0,      1010.15988010770,
                0.0,     1955.66274847103,  568.115926358669,
                0.0,     0.0,      1.0     ],
    "distort_coeffs": [-0.551856904528291, 0.351954098557375, -0.00151493530804559, -0.000782756809651750, -0.137742016319233]
}
